Job Title,Company Name,Location,Schedule,Salary,Date Posted,Apply Link,Apply More Links
Data Analyst,Greenpeace,Brussels,Full-Time,,2025-10-06,https://jobsin.brussels/jobs/greenpeace-senior-data-analyst-campaigns-2025-09/?utm_campaign=google_jobs_apply&utm_source=google_jobs_apply&utm_medium=organic,"[{'link': 'https://jobsin.brussels/jobs/greenpeace-senior-data-analyst-campaigns-2025-09/?utm_campaign=google_jobs_apply&utm_source=google_jobs_apply&utm_medium=organic', 'source': 'jobs in brussels'}, {'link': 'https://www.eujobs.co/jobs/senior-data-analyst-campaigns-at-greenpeace-9dd8a3?utm_campaign=google_jobs_apply&utm_source=google_jobs_apply&utm_medium=organic', 'source': 'eujobs.co'}, {'link': 'https://eububblejobs.com/job/senior-data-analyst-campaigns-2025-september/?utm_campaign=google_jobs_apply&utm_source=google_jobs_apply&utm_medium=organic', 'source': 'eu bubble jobs'}]"
Data Analyst,Transport & Environment,Brussels,Full-Time,,2025-10-06,https://jobsin.brussels/jobs/transport-environment-senior-data-analyst-researcher-2025-09/?utm_campaign=google_jobs_apply&utm_source=google_jobs_apply&utm_medium=organic,"[{'link': 'https://jobsin.brussels/jobs/transport-environment-senior-data-analyst-researcher-2025-09/?utm_campaign=google_jobs_apply&utm_source=google_jobs_apply&utm_medium=organic', 'source': 'jobs in brussels'}, {'link': 'https://www.eujobs.co/jobs/senior-data-analyst-researcher-batteries-and-industrial-policy-eu-at-transport-environment-9dd8a7?utm_campaign=google_jobs_apply&utm_source=google_jobs_apply&utm_medium=organic', 'source': 'eujobs.co'}, {'link': 'https://be.bebee.com/job/f5d8e94d40781dea48d142e5e2da1169?utm_campaign=google_jobs_apply&utm_source=google_jobs_apply&utm_medium=organic', 'source': 'bebee'}, {'link': 'https://www.jobijoba.be/annonce/67/24abcd98b7645693f81b3305b8e4d993?utm_campaign=google_jobs_apply&utm_source=google_jobs_apply&utm_medium=organic', 'source': 'www.jobijoba.be'}, {'link': 'https://eububblejobs.com/job/senior-data-analyst-researcher-batteries-and-industrial-policy-eu-2025-september/?utm_campaign=google_jobs_apply&utm_source=google_jobs_apply&utm_medium=organic', 'source': 'eu bubble jobs'}, {'link': 'https://www.recruit.net/job/business-process-data-analyst-deadline-jobs/3ef2fd3e6cd6430e?utm_campaign=google_jobs_apply&utm_source=google_jobs_apply&utm_medium=organic', 'source': 'recruit.net'}, {'link': 'https://be.jobeos.com/jobs/view/13837?utm_campaign=google_jobs_apply&utm_source=google_jobs_apply&utm_medium=organic', 'source': 'banen in belgië'}]"
Internship,Ormit Talent Belgium,Brussels,Full-Time,,2025-10-09,https://be.linkedin.com/jobs/view/ormit-talent-data-traineeship-at-ormit-talent-belgium-4308596633?utm_campaign=google_jobs_apply&utm_source=google_jobs_apply&utm_medium=organic,"[{'link': 'https://be.linkedin.com/jobs/view/ormit-talent-data-traineeship-at-ormit-talent-belgium-4308596633?utm_campaign=google_jobs_apply&utm_source=google_jobs_apply&utm_medium=organic', 'source': 'linkedin'}, {'link': 'https://ormitbelgium.recruitee.com/o/ormit-talent-data-traineeship-brussels?lang=nl&utm_campaign=google_jobs_apply&utm_source=google_jobs_apply&utm_medium=organic', 'source': 'ormit belgium nv'}, {'link': 'https://be.bebee.com/job/0959978fdb1fbcd151501c6ac57b5013?utm_campaign=google_jobs_apply&utm_source=google_jobs_apply&utm_medium=organic', 'source': 'bebee'}]"
Data Analyst,Bnp Paribas Fortis,Brussels,Full-Time,,2025-09-17,https://group.bnpparibas/en/careers/job-offer/junior-business-auditor-brussels?utm_campaign=google_jobs_apply&utm_source=google_jobs_apply&utm_medium=organic,"[{'link': 'https://group.bnpparibas/en/careers/job-offer/junior-business-auditor-brussels?utm_campaign=google_jobs_apply&utm_source=google_jobs_apply&utm_medium=organic', 'source': 'bnp paribas'}, {'link': 'https://emplois.be.indeed.com/viewjob?jk=1f48518a0cbf7bc7&utm_campaign=google_jobs_apply&utm_source=google_jobs_apply&utm_medium=organic', 'source': 'indeed'}, {'link': 'https://www.engagement-jeunes.com/fr/detail-offre/33233912/volontariat-international-en-entreprise-v-i-e-collaboration-betters-the-world-data-analyst-bruxelles-h-f.html?utm_campaign=google_jobs_apply&utm_source=google_jobs_apply&utm_medium=organic', 'source': 'engagement jeunes'}, {'link': 'https://fr.simplyhired.be/job/dp5bkft-e8l7yqpf057kkwuxxspkvn4ehzqn8lvisc7gz-whpgunaa?utm_campaign=google_jobs_apply&utm_source=google_jobs_apply&utm_medium=organic', 'source': 'simplyhired'}, {'link': 'https://www.jobbsquare.be/emploi/travaillerpour-be-data-analyst-au-spf-justice-brussel/3240382/?utm_campaign=google_jobs_apply&utm_source=google_jobs_apply&utm_medium=organic', 'source': 'jobbsquare'}, {'link': 'https://www.jobijoba.be/annonce/67/0ee3c3436438e40f479e93e5bb06df0a?utm_campaign=google_jobs_apply&utm_source=google_jobs_apply&utm_medium=organic', 'source': 'www.jobijoba.be'}, {'link': 'https://be.bebee.com/job/38581db67516b848a0665cbc8f482461?utm_campaign=google_jobs_apply&utm_source=google_jobs_apply&utm_medium=organic', 'source': 'bebee'}, {'link': 'https://www.recruit.net/job/data-analyst-au-spf-justice-jobs/636da9c237f4b00a?utm_campaign=google_jobs_apply&utm_source=google_jobs_apply&utm_medium=organic', 'source': 'recruit.net'}]"
Data Analyst,Syner'Ia,Brussels,Full-Time,,2025-10-07,https://be.linkedin.com/jobs/view/data-analyst-cdi-%E2%80%93-belgique-proche-fronti%C3%A8re-fran%C3%A7aise-h-f-at-syner-ia-4308933784?utm_campaign=google_jobs_apply&utm_source=google_jobs_apply&utm_medium=organic,"[{'link': 'https://be.linkedin.com/jobs/view/data-analyst-cdi-%e2%80%93-belgique-proche-fronti%c3%a8re-fran%c3%a7aise-h-f-at-syner-ia-4308933784?utm_campaign=google_jobs_apply&utm_source=google_jobs_apply&utm_medium=organic', 'source': 'linkedin'}]"
Data Analyst,Littlebigcode,Brussels,Full-Time,€40k–€70k a year,2025-09-21,https://www.welcometothejungle.com/en/companies/littlebigcode/jobs/data-analyst-m-f_bruxelles?utm_campaign=google_jobs_apply&utm_source=google_jobs_apply&utm_medium=organic,"[{'link': 'https://www.welcometothejungle.com/en/companies/littlebigcode/jobs/data-analyst-m-f_bruxelles?utm_campaign=google_jobs_apply&utm_source=google_jobs_apply&utm_medium=organic', 'source': 'welcome to the jungle'}, {'link': 'https://be.linkedin.com/jobs/view/data-analyst-m-f-at-littlebigcode-4023511495?utm_campaign=google_jobs_apply&utm_source=google_jobs_apply&utm_medium=organic', 'source': 'linkedin'}, {'link': 'https://littlebigcode.welcomekit.co/companies/littlebigcode/jobs/data-analyst-m-f_bruxelles?utm_campaign=google_jobs_apply&utm_source=google_jobs_apply&utm_medium=organic', 'source': 'littlebigcode recrute ! trouver les offres d’emploi et de stage'}, {'link': 'https://jobs.weekday.works/littlebigcode-data-analyst-m%2ff?utm_campaign=google_jobs_apply&utm_source=google_jobs_apply&utm_medium=organic', 'source': 'jobs.weekday.works'}]"
Data Analyst,Norriq,Brussels,Full-Time,,2025-10-10,https://career-be.norriq.com/jobs/5788184-data-analyst-data-visualisation?utm_campaign=google_jobs_apply&utm_source=google_jobs_apply&utm_medium=organic,"[{'link': 'https://career-be.norriq.com/jobs/5788184-data-analyst-data-visualisation?utm_campaign=google_jobs_apply&utm_source=google_jobs_apply&utm_medium=organic', 'source': 'norriq'}, {'link': 'https://careers.cushmanwakefield.com/fr/emplois/r284054/research-analyst/?utm_campaign=google_jobs_apply&utm_source=google_jobs_apply&utm_medium=organic', 'source': 'cushman & wakefield careers'}, {'link': 'https://emplois.be.indeed.com/viewjob?jk=be7ca8c506481e9c&utm_campaign=google_jobs_apply&utm_source=google_jobs_apply&utm_medium=organic', 'source': 'indeed'}, {'link': 'https://be.linkedin.com/jobs/view/data-analyst-data-visualisation-at-norriq-financial-services-4278293870?utm_campaign=google_jobs_apply&utm_source=google_jobs_apply&utm_medium=organic', 'source': 'linkedin'}, {'link': 'https://be.bebee.com/job/5af989e4ae068e3b3e35d2c69ea3cc1e?utm_campaign=google_jobs_apply&utm_source=google_jobs_apply&utm_medium=organic', 'source': 'bebee'}, {'link': 'https://careers.crewnetwork.org/jobs/21610223/research-analyst?utm_campaign=google_jobs_apply&utm_source=google_jobs_apply&utm_medium=organic', 'source': 'crew network (crew), crew network career center'}, {'link': 'https://issgovernance.wd1.myworkdayjobs.com/isscareers/job/brussels-belgium/greek-research-analyst_jr_8034?utm_campaign=google_jobs_apply&utm_source=google_jobs_apply&utm_medium=organic', 'source': 'workday'}, {'link': 'https://fr.simplyhired.be/job/xwvimwjsmyzuwyktsp32k9eq4pxcpxc46nxym8pxfrxt5bdqjguozq?utm_campaign=google_jobs_apply&utm_source=google_jobs_apply&utm_medium=organic', 'source': 'simplyhired'}]"
Data Analyst,Sopra Steria Belgium,Brussels,Full-Time,,2025-10-10,https://careers.soprasteria.be/job/data-analyst-in-flanders-brussels-belgium-jid-5727?utm_campaign=google_jobs_apply&utm_source=google_jobs_apply&utm_medium=organic,"[{'link': 'https://careers.soprasteria.be/job/data-analyst-in-flanders-brussels-belgium-jid-5727?utm_campaign=google_jobs_apply&utm_source=google_jobs_apply&utm_medium=organic', 'source': 'sopra steria belgium'}, {'link': 'https://www.extia-group.com/be-fr/join-us/data-analyst?utm_campaign=google_jobs_apply&utm_source=google_jobs_apply&utm_medium=organic', 'source': 'extia'}, {'link': 'https://www.robertwalters.be/nl/salesmarketing/jobs/marketingcommunicatie/1850462-data-analyst.html?utm_campaign=google_jobs_apply&utm_source=google_jobs_apply&utm_medium=organic', 'source': 'robert walters belgium'}, {'link': 'https://jobs.hamiltonbright.nl/jobs/6559413-data-analyst?utm_campaign=google_jobs_apply&utm_source=google_jobs_apply&utm_medium=organic', 'source': 'hamilton bright'}, {'link': 'https://careers.soprasteria.com/job/data-analyst-in-flanders-brussels-belgium-jid-5708?utm_campaign=google_jobs_apply&utm_source=google_jobs_apply&utm_medium=organic', 'source': 'sopra steria'}, {'link': 'https://jobs.equans.be/nl/jobs/74239-data-analyst/?utm_campaign=google_jobs_apply&utm_source=google_jobs_apply&utm_medium=organic', 'source': 'equans jobs'}, {'link': 'https://www.vdab.be/vindeenjob/vacatures/71942426/004-data-analyst?utm_campaign=google_jobs_apply&utm_source=google_jobs_apply&utm_medium=organic', 'source': 'vdab'}, {'link': 'https://ag.be/jobs/nl/jobs-en-stages/vacatures/data-analyst-445305?utm_campaign=google_jobs_apply&utm_source=google_jobs_apply&utm_medium=organic', 'source': 'ag.be'}]"
Data Consultant,Confidential,Brussels,-,,2025-10-09,https://be.jooble.org/rjdp/-3071864931398537843?utm_campaign=google_jobs_apply&utm_source=google_jobs_apply&utm_medium=organic,"[{'link': 'https://be.jooble.org/rjdp/-3071864931398537843?utm_campaign=google_jobs_apply&utm_source=google_jobs_apply&utm_medium=organic', 'source': 'jooble'}]"
Data Analyst,Linkway,Brussels,Contractor,,2025-10-01,https://www.free-work.com/en-gb/tech/data-analyst-2/job-mission/senior-data-analyst-data-bi-daily-banking?utm_campaign=google_jobs_apply&utm_source=google_jobs_apply&utm_medium=organic,"[{'link': 'https://www.free-work.com/en-gb/tech/data-analyst-2/job-mission/senior-data-analyst-data-bi-daily-banking?utm_campaign=google_jobs_apply&utm_source=google_jobs_apply&utm_medium=organic', 'source': 'free-work'}]"
Data Analyst,Projective Group,Antwerp,Full-Time,,2025-10-08,https://be.linkedin.com/jobs/view/data-analyst-5%2B-jaar-ervaring-at-projective-talent-part-of-projective-group-4307216733?utm_campaign=google_jobs_apply&utm_source=google_jobs_apply&utm_medium=organic,"[{'link': 'https://be.linkedin.com/jobs/view/data-analyst-5%2b-jaar-ervaring-at-projective-talent-part-of-projective-group-4307216733?utm_campaign=google_jobs_apply&utm_source=google_jobs_apply&utm_medium=organic', 'source': 'linkedin'}]"
Data Consultant,Sthree_Uk,Antwerp,Full-Time,,2025-10-09,https://www.vdab.be/vindeenjob/vacatures/72109602/data-consultant?utm_campaign=google_jobs_apply&utm_source=google_jobs_apply&utm_medium=organic,"[{'link': 'https://www.vdab.be/vindeenjob/vacatures/72109602/data-consultant?utm_campaign=google_jobs_apply&utm_source=google_jobs_apply&utm_medium=organic', 'source': 'vdab'}, {'link': 'https://be.linkedin.com/jobs/view/data-consultant-at-computer-futures-4308567615?utm_campaign=google_jobs_apply&utm_source=google_jobs_apply&utm_medium=organic', 'source': 'linkedin'}, {'link': 'https://be.bebee.com/job/c892e0909c423dcbc5c57feab0b636de?utm_campaign=google_jobs_apply&utm_source=google_jobs_apply&utm_medium=organic', 'source': 'bebee'}, {'link': 'https://www.jobilize.com/job/be-antwerpen-data-consultant-alistar-hiring-now-job-immediately-opening?utm_campaign=google_jobs_apply&utm_source=google_jobs_apply&utm_medium=organic', 'source': 'jobilize'}, {'link': 'https://be.clickajobs.com/gfj/10035378?utm_campaign=google_jobs_apply&utm_source=google_jobs_apply&utm_medium=organic', 'source': 'clickajobs'}]"
Data Analyst,The Yuki Company,Antwerp,Full-Time,,2025-10-10,https://jobs.yukisoftware.com/jobs/5917166-data-analyst?utm_campaign=google_jobs_apply&utm_source=google_jobs_apply&utm_medium=organic,"[{'link': 'https://jobs.yukisoftware.com/jobs/5917166-data-analyst?utm_campaign=google_jobs_apply&utm_source=google_jobs_apply&utm_medium=organic', 'source': 'the yuki company'}, {'link': 'https://nl.bebee.com/job/9e5396345550667b7fe263c9cdc0924a?utm_campaign=google_jobs_apply&utm_source=google_jobs_apply&utm_medium=organic', 'source': 'bebee'}, {'link': 'https://jobs.alooba.com/nl/job/azpack-data-analyst-850381/?utm_campaign=google_jobs_apply&utm_source=google_jobs_apply&utm_medium=organic', 'source': 'jobs - alooba'}, {'link': 'https://jobs.uprotterdam.com/companies/yuki-2/jobs/50821844-data-analyst?utm_campaign=google_jobs_apply&utm_source=google_jobs_apply&utm_medium=organic', 'source': 'up!rotterdam job board'}, {'link': 'https://nl.jobeos.com/jobs/view/12869?utm_campaign=google_jobs_apply&utm_source=google_jobs_apply&utm_medium=organic', 'source': 'banen in nederland'}, {'link': 'https://nl.clickajobs.com/gfj/86630997?utm_campaign=google_jobs_apply&utm_source=google_jobs_apply&utm_medium=organic', 'source': 'clickajobs'}, {'link': 'https://nl.whatjobs.com/data-analyst-jobs?id=105101387&utm_campaign=google_jobs_apply&utm_source=google_jobs_apply&utm_medium=organic', 'source': 'whatjobs'}]"
Data Analyst,Hawaiian Poké Bowl,Antwerp,Full-Time,,2025-09-15,https://jobs.hawaiianpokebowl.be/en/data-analyst?utm_campaign=google_jobs_apply&utm_source=google_jobs_apply&utm_medium=organic,"[{'link': 'https://jobs.hawaiianpokebowl.be/en/data-analyst?utm_campaign=google_jobs_apply&utm_source=google_jobs_apply&utm_medium=organic', 'source': 'hawaiian poké bowl'}, {'link': 'https://www.roberthalf.com/be/fr/emploi/antwerp-antwerp/data-analyst/06520-0013290292-benl?utm_campaign=google_jobs_apply&utm_source=google_jobs_apply&utm_medium=organic', 'source': 'robert half'}, {'link': 'https://emplois.be.indeed.com/viewjob?jk=5b5bf6bf959b2dae&utm_campaign=google_jobs_apply&utm_source=google_jobs_apply&utm_medium=organic', 'source': 'indeed'}, {'link': 'https://be.linkedin.com/jobs/view/data-analyst-at-dela-belgium-4282819736?utm_campaign=google_jobs_apply&utm_source=google_jobs_apply&utm_medium=organic', 'source': 'linkedin'}, {'link': 'https://www.vdab.be/vindeenjob/vacatures/71388180/data-analyst?utm_campaign=google_jobs_apply&utm_source=google_jobs_apply&utm_medium=organic', 'source': 'vdab'}, {'link': 'https://be.jooble.org/jdp/-998259005818236212?utm_campaign=google_jobs_apply&utm_source=google_jobs_apply&utm_medium=organic', 'source': 'jooble'}, {'link': 'https://be.engineering.jobs/nl/vacature/data-analyst-7930097?utm_campaign=google_jobs_apply&utm_source=google_jobs_apply&utm_medium=organic', 'source': 'engineering.jobs'}, {'link': 'https://be.bebee.com/job/1b24a51de7be906d638fa361233a79f4?utm_campaign=google_jobs_apply&utm_source=google_jobs_apply&utm_medium=organic', 'source': 'bebee'}]"
Data Analyst,Square City,Antwerp,Full-Time,,2025-09-17,https://www.squarecity.be/jobs/senior-business-intelligence-data-analyst-6313/?utm_campaign=google_jobs_apply&utm_source=google_jobs_apply&utm_medium=organic,"[{'link': 'https://www.squarecity.be/jobs/senior-business-intelligence-data-analyst-6313/?utm_campaign=google_jobs_apply&utm_source=google_jobs_apply&utm_medium=organic', 'source': 'square city'}, {'link': 'https://emplois.be.indeed.com/viewjob?jk=e4a16f780a8b7a33&utm_campaign=google_jobs_apply&utm_source=google_jobs_apply&utm_medium=organic', 'source': 'indeed'}, {'link': 'https://www.vdab.be/vindeenjob/vacatures/71207604/senior-business-intelligence-data-analyst?utm_campaign=google_jobs_apply&utm_source=google_jobs_apply&utm_medium=organic', 'source': 'vdab'}, {'link': 'https://www.tl-hub.be/fr/emploi/msc-belgium/business-intelligence-data-analyst-junior-senior?utm_campaign=google_jobs_apply&utm_source=google_jobs_apply&utm_medium=organic', 'source': 'tl hub'}, {'link': 'https://be.jooble.org/jdp/3877030300598942218?utm_campaign=google_jobs_apply&utm_source=google_jobs_apply&utm_medium=organic', 'source': 'jooble'}, {'link': 'https://fr.simplyhired.be/job/y3pfpjpis83kek4xlvd6zyjwpl999yo_w83jgsymb2ji8gnaviv17w?utm_campaign=google_jobs_apply&utm_source=google_jobs_apply&utm_medium=organic', 'source': 'simplyhired'}, {'link': 'https://be.bebee.com/job/3adfb58cbda1ea7c1936bf08e0192e77?utm_campaign=google_jobs_apply&utm_source=google_jobs_apply&utm_medium=organic', 'source': 'bebee'}, {'link': 'https://be.linkedin.com/jobs/view/senior-business-intelligence-data-analyst-at-msc-mediterranean-shipping-company-4301069380?utm_campaign=google_jobs_apply&utm_source=google_jobs_apply&utm_medium=organic', 'source': 'linkedin'}]"
Data Consultant,Vivid Resourcing,Antwerp,Contractor,,2025-10-08,https://be.linkedin.com/jobs/view/freelance-data-consultant-power-bi-junior-medior-at-vivid-resourcing-4309623332?utm_campaign=google_jobs_apply&utm_source=google_jobs_apply&utm_medium=organic,"[{'link': 'https://be.linkedin.com/jobs/view/freelance-data-consultant-power-bi-junior-medior-at-vivid-resourcing-4309623332?utm_campaign=google_jobs_apply&utm_source=google_jobs_apply&utm_medium=organic', 'source': 'linkedin'}, {'link': 'https://www.recruit.net/job/freelance-data-consultant-power-bi-jobs/ec94c3e319dcc2ee?utm_campaign=google_jobs_apply&utm_source=google_jobs_apply&utm_medium=organic', 'source': 'recruit.net'}, {'link': 'https://www.jobilize.com/amp/job/be-antwerpen-freelance-data-consultant-power-bi-junior-medior-vivid?utm_campaign=google_jobs_apply&utm_source=google_jobs_apply&utm_medium=organic', 'source': 'jobilize'}, {'link': 'https://be.findjob24h.com/ja/data-analytics-engineer-freelance-job107560?utm_campaign=google_jobs_apply&utm_source=google_jobs_apply&utm_medium=organic', 'source': 'findjob24h.com'}]"
Data Analyst,Ictjob.Be,Antwerp,Part-Time And Contractor,,2025-10-10,https://www.vdab.be/vindeenjob/vacatures/71823290/data-analist-geen-ervaring-vereist?utm_campaign=google_jobs_apply&utm_source=google_jobs_apply&utm_medium=organic,"[{'link': 'https://www.vdab.be/vindeenjob/vacatures/71823290/data-analist-geen-ervaring-vereist?utm_campaign=google_jobs_apply&utm_source=google_jobs_apply&utm_medium=organic', 'source': 'vdab'}, {'link': 'https://be.findjob24h.com/es/data-analist-engineer-job144820?utm_campaign=google_jobs_apply&utm_source=google_jobs_apply&utm_medium=organic', 'source': 'findjob24h.com'}]"
Data Analyst,Asl Group,Antwerp,Full-Time,,2025-10-10,https://emplois.be.indeed.com/viewjob?jk=9b1bf5907dd6e634&utm_campaign=google_jobs_apply&utm_source=google_jobs_apply&utm_medium=organic,"[{'link': 'https://emplois.be.indeed.com/viewjob?jk=9b1bf5907dd6e634&utm_campaign=google_jobs_apply&utm_source=google_jobs_apply&utm_medium=organic', 'source': 'indeed'}, {'link': 'https://fr.simplyhired.be/job/aimiw-teqvpput0ldfgswjfyocl_y3ycnzdr2s-vbt9_9nnudtwu2q?utm_campaign=google_jobs_apply&utm_source=google_jobs_apply&utm_medium=organic', 'source': 'simplyhired'}]"
Data Analyst,Unique Technicum,Antwerp,Full-Time,,2025-10-10,https://www.vdab.be/vindeenjob/vacatures/71646694/strategy-data-analyst?utm_campaign=google_jobs_apply&utm_source=google_jobs_apply&utm_medium=organic,"[{'link': 'https://www.vdab.be/vindeenjob/vacatures/71646694/strategy-data-analyst?utm_campaign=google_jobs_apply&utm_source=google_jobs_apply&utm_medium=organic', 'source': 'vdab'}]"
Data Analyst,Manuport Logistics,Antwerp,Full-Time,,2025-10-10,https://emplois.be.indeed.com/viewjob?jk=d526c550d889a72d&utm_campaign=google_jobs_apply&utm_source=google_jobs_apply&utm_medium=organic,"[{'link': 'https://emplois.be.indeed.com/viewjob?jk=d526c550d889a72d&utm_campaign=google_jobs_apply&utm_source=google_jobs_apply&utm_medium=organic', 'source': 'indeed'}, {'link': 'https://fr.simplyhired.be/job/yki87nlvserpjkcwhup1jqhx269dvleaux42jpe6r4cxapifm5dvqw?utm_campaign=google_jobs_apply&utm_source=google_jobs_apply&utm_medium=organic', 'source': 'simplyhired'}, {'link': 'https://be.bebee.com/job/33fb3b49958115eabfec441d268bab91?utm_campaign=google_jobs_apply&utm_source=google_jobs_apply&utm_medium=organic', 'source': 'bebee'}, {'link': 'https://be.findjob24h.com/es/data-analyst-merchandising-job6179?utm_campaign=google_jobs_apply&utm_source=google_jobs_apply&utm_medium=organic', 'source': 'findjob24h.com'}]"
Data Scientist,Orise,Ghent,Full-Time,,2025-09-28,https://be.linkedin.com/jobs/view/senior-data-scientist-m-f-d-at-orise-4303656208?utm_campaign=google_jobs_apply&utm_source=google_jobs_apply&utm_medium=organic,"[{'link': 'https://be.linkedin.com/jobs/view/senior-data-scientist-m-f-d-at-orise-4303656208?utm_campaign=google_jobs_apply&utm_source=google_jobs_apply&utm_medium=organic', 'source': 'linkedin'}]"
Data Scientist,Lighthouse,Ghent,Full-Time,,2025-10-09,https://jobjob.eu/job/data-science-team-lead-2/?utm_campaign=google_jobs_apply&utm_source=google_jobs_apply&utm_medium=organic,"[{'link': 'https://jobjob.eu/job/data-science-team-lead-2/?utm_campaign=google_jobs_apply&utm_source=google_jobs_apply&utm_medium=organic', 'source': 'jobs - jobjob'}, {'link': 'https://www.adzuna.be/details/5342028403?utm_campaign=google_jobs_apply&utm_source=google_jobs_apply&utm_medium=organic', 'source': 'adzuna'}]"
Data Scientist,Vib,Ghent,Full-Time,,2025-09-17,https://jobs.vib.be/j/106877/data-science-and-ai-trainer?utm_campaign=google_jobs_apply&utm_source=google_jobs_apply&utm_medium=organic,"[{'link': 'https://jobs.vib.be/j/106877/data-science-and-ai-trainer?utm_campaign=google_jobs_apply&utm_source=google_jobs_apply&utm_medium=organic', 'source': 'vib job'}, {'link': 'https://emplois.be.indeed.com/viewjob?jk=ffee486b5fb9231a&utm_campaign=google_jobs_apply&utm_source=google_jobs_apply&utm_medium=organic', 'source': 'indeed'}, {'link': 'https://be.jooble.org/jdp/3952356667866685408?utm_campaign=google_jobs_apply&utm_source=google_jobs_apply&utm_medium=organic', 'source': 'jooble'}, {'link': 'https://fr.simplyhired.be/job/jnwfpzhabhqgp21-vafiwlc0ntkcra531v-uepqiyoymlcqqmms1xg?utm_campaign=google_jobs_apply&utm_source=google_jobs_apply&utm_medium=organic', 'source': 'simplyhired'}, {'link': 'https://be.linkedin.com/jobs/view/data-science-and-ai-trainer-at-vib-4178548468?utm_campaign=google_jobs_apply&utm_source=google_jobs_apply&utm_medium=organic', 'source': 'linkedin'}, {'link': 'https://www.drjobpro.com/job/view/md0dhc760y5li9e?utm_campaign=google_jobs_apply&utm_source=google_jobs_apply&utm_medium=organic', 'source': 'dr. job pro'}]"
Data Engineer,Sofico,Ghent,Full-Time,,2025-10-09,https://be.linkedin.com/jobs/view/junior-ai-engineer-at-sofico-4307546376?utm_campaign=google_jobs_apply&utm_source=google_jobs_apply&utm_medium=organic,"[{'link': 'https://be.linkedin.com/jobs/view/junior-ai-engineer-at-sofico-4307546376?utm_campaign=google_jobs_apply&utm_source=google_jobs_apply&utm_medium=organic', 'source': 'linkedin'}, {'link': 'https://grabjobs.co/belgium/job/full-time/others/junior-ai-engineer-mfd-148734874?utm_campaign=google_jobs_apply&utm_source=google_jobs_apply&utm_medium=organic', 'source': 'grabjobs'}, {'link': 'https://be.bebee.com/job/362666e67c1057d9ca2307aedbe42192?utm_campaign=google_jobs_apply&utm_source=google_jobs_apply&utm_medium=organic', 'source': 'bebee'}]"
Data Scientist,Team.Blue Global,Ghent,Full-Time,,2025-10-10,https://emplois.be.indeed.com/viewjob?jk=9b1a39d8d67844f5&utm_campaign=google_jobs_apply&utm_source=google_jobs_apply&utm_medium=organic,"[{'link': 'https://emplois.be.indeed.com/viewjob?jk=9b1a39d8d67844f5&utm_campaign=google_jobs_apply&utm_source=google_jobs_apply&utm_medium=organic', 'source': 'indeed'}, {'link': 'https://www.adzuna.be/details/5338433387?utm_campaign=google_jobs_apply&utm_source=google_jobs_apply&utm_medium=organic', 'source': 'adzuna'}, {'link': 'https://grabjobs.co/belgium/job/full-time/others/data-scientist-hybrid-148166619?utm_campaign=google_jobs_apply&utm_source=google_jobs_apply&utm_medium=organic', 'source': 'grabjobs'}, {'link': 'https://jobs4football.com/job/recruitment-data-scientist/?utm_campaign=google_jobs_apply&utm_source=google_jobs_apply&utm_medium=organic', 'source': 'jobs4football'}, {'link': 'https://www.learn4good.com/jobs/online_remote/business/4505988655/e/?utm_campaign=google_jobs_apply&utm_source=google_jobs_apply&utm_medium=organic', 'source': 'learn4good'}]"
Data Scientist,Aviv Group,Ghent,Full-Time,,2025-09-14,https://jobs.smartrecruiters.com/AVIVGroup/744000080429064-senior-data-scientist-w-m-d-?utm_campaign=google_jobs_apply&utm_source=google_jobs_apply&utm_medium=organic,"[{'link': 'https://jobs.smartrecruiters.com/avivgroup/744000080429064-senior-data-scientist-w-m-d-?utm_campaign=google_jobs_apply&utm_source=google_jobs_apply&utm_medium=organic', 'source': 'smartrecruiters job search'}, {'link': 'https://builtin.com/job/senior-data-scientist-w-m-d/7068356?utm_campaign=google_jobs_apply&utm_source=google_jobs_apply&utm_medium=organic', 'source': 'built in'}, {'link': 'https://be.linkedin.com/jobs/view/senior-data-scientist-w-m-d-at-realo-4295576131?utm_campaign=google_jobs_apply&utm_source=google_jobs_apply&utm_medium=organic', 'source': 'linkedin'}, {'link': 'https://be.bebee.com/job/fa2ba0cd8c80bac27cd4e3489b17f96e?utm_campaign=google_jobs_apply&utm_source=google_jobs_apply&utm_medium=organic', 'source': 'bebee'}, {'link': 'https://www.jobijoba.be/annonce/67/e46b2b6e10c790536414aee0d4c5e9ae?utm_campaign=google_jobs_apply&utm_source=google_jobs_apply&utm_medium=organic', 'source': 'www.jobijoba.be'}, {'link': 'https://be.trabajo.org/offre-1399-b6aad92a6f377932e919b6daaa31b2d3?utm_campaign=google_jobs_apply&utm_source=google_jobs_apply&utm_medium=organic', 'source': 'trabajo.org'}, {'link': 'https://www.jobilize.com/job/be-flanders-ghent-senior-data-scientist-m-f-d-orise-hiring-now-job?utm_campaign=google_jobs_apply&utm_source=google_jobs_apply&utm_medium=organic', 'source': 'jobilize'}]"
Data Engineer,Lighthouse,Ghent,Full-Time,,2025-10-05,https://be.linkedin.com/jobs/view/data-engineering-team-lead-at-lighthouse-4308072121?utm_campaign=google_jobs_apply&utm_source=google_jobs_apply&utm_medium=organic,"[{'link': 'https://be.linkedin.com/jobs/view/data-engineering-team-lead-at-lighthouse-4308072121?utm_campaign=google_jobs_apply&utm_source=google_jobs_apply&utm_medium=organic', 'source': 'linkedin'}, {'link': 'https://be.bebee.com/job/4b492748cb1a6f3229e6c7c799269255?utm_campaign=google_jobs_apply&utm_source=google_jobs_apply&utm_medium=organic', 'source': 'bebee'}, {'link': 'https://jobs.fprimecapital.com/companies/lighthouse-2-5fd538dc-e556-443b-a3d0-d4ac091c430a/jobs/59611769-data-engineering-team-lead?utm_campaign=google_jobs_apply&utm_source=google_jobs_apply&utm_medium=organic', 'source': 'f-prime capital partners job board'}, {'link': 'https://www.recruit.net/job/data-engineering-team-jobs/7332fcb03b29a216?utm_campaign=google_jobs_apply&utm_source=google_jobs_apply&utm_medium=organic', 'source': 'recruit.net'}, {'link': 'https://be.clickajobs.com/gfj/9970888?utm_campaign=google_jobs_apply&utm_source=google_jobs_apply&utm_medium=organic', 'source': 'clickajobs'}]"
Data Analyst,Gcs Recruitment,Ghent,Contractor,£50k–£60k a year,2025-10-10,https://www.gcstechtalent.com/job-search/416/data-analyst/bi-data-analytics/gent/job?utm_campaign=google_jobs_apply&utm_source=google_jobs_apply&utm_medium=organic,"[{'link': 'https://www.gcstechtalent.com/job-search/416/data-analyst/bi-data-analytics/gent/job?utm_campaign=google_jobs_apply&utm_source=google_jobs_apply&utm_medium=organic', 'source': 'gcs | technology recruitment specialists'}, {'link': 'https://www.student.be/en/internships/engie-internship-data-analyst/?utm_campaign=google_jobs_apply&utm_source=google_jobs_apply&utm_medium=organic', 'source': 'student.be'}, {'link': 'https://be.linkedin.com/jobs/view/data-analyst-at-baldwin-4302006441?utm_campaign=google_jobs_apply&utm_source=google_jobs_apply&utm_medium=organic', 'source': 'linkedin'}, {'link': 'https://profacts.jobtoolz.com/en/data-analyst?utm_campaign=google_jobs_apply&utm_source=google_jobs_apply&utm_medium=organic', 'source': 'profacts - jobtoolz'}, {'link': 'https://swooped.co/job-postings/data-analyst-ghent-showpad-8085e?utm_campaign=google_jobs_apply&utm_source=google_jobs_apply&utm_medium=organic', 'source': 'swooped'}, {'link': 'https://www.vdab.be/vindeenjob/vacatures/70537058/data-analyst?utm_campaign=google_jobs_apply&utm_source=google_jobs_apply&utm_medium=organic', 'source': 'vdab'}, {'link': 'https://be.jooble.org/jdp/-6159051673695727613?utm_campaign=google_jobs_apply&utm_source=google_jobs_apply&utm_medium=organic', 'source': 'jooble'}, {'link': 'https://be.bebee.com/job/c34ad07aa2f4dc9f64ccd7a316571104?utm_campaign=google_jobs_apply&utm_source=google_jobs_apply&utm_medium=organic', 'source': 'bebee'}]"
Data Analyst,Konnekt,Ghent,Full-Time,,2025-10-10,https://www.vdab.be/vindeenjob/vacatures/70713462/data-analist?utm_campaign=google_jobs_apply&utm_source=google_jobs_apply&utm_medium=organic,"[{'link': 'https://www.vdab.be/vindeenjob/vacatures/70713462/data-analist?utm_campaign=google_jobs_apply&utm_source=google_jobs_apply&utm_medium=organic', 'source': 'vdab'}]"
Data Scientist,Capgemini Engineering,Ghent,Full-Time,,2025-10-10,https://jobs.alooba.com/be/job/capgemini-engineering-data-scientist-consultant-840575/?utm_campaign=google_jobs_apply&utm_source=google_jobs_apply&utm_medium=organic,"[{'link': 'https://jobs.alooba.com/be/job/capgemini-engineering-data-scientist-consultant-840575/?utm_campaign=google_jobs_apply&utm_source=google_jobs_apply&utm_medium=organic', 'source': 'jobs - alooba'}]"
Data Analyst,Kwery,Mechelen,Full-Time,"€4,402–€6,951 a month",2025-09-28,https://www.vdab.be/vindeenjob/vacatures/72014592/data-analist?utm_campaign=google_jobs_apply&utm_source=google_jobs_apply&utm_medium=organic,"[{'link': 'https://www.vdab.be/vindeenjob/vacatures/72014592/data-analist?utm_campaign=google_jobs_apply&utm_source=google_jobs_apply&utm_medium=organic', 'source': 'vdab'}]"
Data Scientist,Biocartis,Mechelen,Full-Time,,2025-10-10,https://be.indeed.com/viewjob?jk=7011f12070489762&utm_campaign=google_jobs_apply&utm_source=google_jobs_apply&utm_medium=organic,"[{'link': 'https://be.indeed.com/viewjob?jk=7011f12070489762&utm_campaign=google_jobs_apply&utm_source=google_jobs_apply&utm_medium=organic', 'source': 'indeed'}, {'link': 'https://fr.simplyhired.be/job/absodpnkjwtsli3rtjmeormxkha44cdafxippt9tgupreawykiztjw?utm_campaign=google_jobs_apply&utm_source=google_jobs_apply&utm_medium=organic', 'source': 'simplyhired'}, {'link': 'https://be.bebee.com/job/5ba522d2c0da831671ca36c8524eca9d?utm_campaign=google_jobs_apply&utm_source=google_jobs_apply&utm_medium=organic', 'source': 'bebee'}, {'link': 'https://www.jobilize.com/job/be-vlaanderen-heffen-senior-data-scientist-ordina-hiring-now-job-immediately?utm_campaign=google_jobs_apply&utm_source=google_jobs_apply&utm_medium=organic', 'source': 'jobilize'}]"
Data Scientist,Biocartis,Mechelen,Full-Time,,2025-10-10,https://emplois.be.indeed.com/viewjob?jk=b0a40d9e177d348d&utm_campaign=google_jobs_apply&utm_source=google_jobs_apply&utm_medium=organic,"[{'link': 'https://emplois.be.indeed.com/viewjob?jk=b0a40d9e177d348d&utm_campaign=google_jobs_apply&utm_source=google_jobs_apply&utm_medium=organic', 'source': 'indeed'}, {'link': 'https://be.jooble.org/jdp/143362898613836007?utm_campaign=google_jobs_apply&utm_source=google_jobs_apply&utm_medium=organic', 'source': 'jooble'}, {'link': 'https://be.bebee.com/job/a4c111f293f6d3a7f107f3759c4b4e24?utm_campaign=google_jobs_apply&utm_source=google_jobs_apply&utm_medium=organic', 'source': 'bebee'}, {'link': 'https://grabjobs.co/belgium/job/full-time/others/data-scientist-140088987?utm_campaign=google_jobs_apply&utm_source=google_jobs_apply&utm_medium=organic', 'source': 'grabjobs'}, {'link': 'https://globalworkly.com/jobs.php?job=cn+data+scientist&country=belgium&city=mechelen&utm_campaign=google_jobs_apply&utm_source=google_jobs_apply&utm_medium=organic', 'source': 'jobs'}, {'link': 'https://www.jobilize.com/job/be-flanders-mechelen-data-scientist-biocartis-hiring-now-job-immediately?utm_campaign=google_jobs_apply&utm_source=google_jobs_apply&utm_medium=organic', 'source': 'jobilize'}]"
Data Analyst,Labcorp,Mechelen,Full-Time,,2025-10-07,https://be.engineering.jobs/nl/vacature/data-analyst-flow-cytometry-7929188?utm_campaign=google_jobs_apply&utm_source=google_jobs_apply&utm_medium=organic,"[{'link': 'https://be.engineering.jobs/nl/vacature/data-analyst-flow-cytometry-7929188?utm_campaign=google_jobs_apply&utm_source=google_jobs_apply&utm_medium=organic', 'source': 'engineering.jobs'}]"
Data Analyst,Bebeegegevens,Mechelen,Full-Time,€3.8k–€62k a year,2025-09-23,https://be.bebee.com/job/28a7b3e2b9f896a193f56223f62d6e9e?utm_campaign=google_jobs_apply&utm_source=google_jobs_apply&utm_medium=organic,"[{'link': 'https://be.bebee.com/job/28a7b3e2b9f896a193f56223f62d6e9e?utm_campaign=google_jobs_apply&utm_source=google_jobs_apply&utm_medium=organic', 'source': 'bebee'}]"
Data Scientist,Datashift,Mechelen,Full-Time,,2025-10-10,https://emplois.be.indeed.com/viewjob?jk=45e9ef7e2414e0b8&utm_campaign=google_jobs_apply&utm_source=google_jobs_apply&utm_medium=organic,"[{'link': 'https://emplois.be.indeed.com/viewjob?jk=45e9ef7e2414e0b8&utm_campaign=google_jobs_apply&utm_source=google_jobs_apply&utm_medium=organic', 'source': 'indeed'}, {'link': 'https://fr.simplyhired.be/job/nitqa3lwzqm62tdgtguabl6cqs_reo1-efvvvwhphn6bhzq7szvobw?utm_campaign=google_jobs_apply&utm_source=google_jobs_apply&utm_medium=organic', 'source': 'simplyhired'}, {'link': 'https://be.bebee.com/job/eec3b238c1d60b6e658f260a115e5258?utm_campaign=google_jobs_apply&utm_source=google_jobs_apply&utm_medium=organic', 'source': 'bebee'}, {'link': 'https://jobgether.com/offer/687f4177fd9af3ce40bcb62c-data-science-manager?utm_campaign=google_jobs_apply&utm_source=google_jobs_apply&utm_medium=organic', 'source': 'jobgether'}]"
Data Analyst,Intelect Mechelen,Antwerp,Full-Time,,2025-10-02,https://www.stepstone.be/jobs--Junior-Data-Analyst-Schoten-Intelect-Mechelen--2172231-inline.html?utm_campaign=google_jobs_apply&utm_source=google_jobs_apply&utm_medium=organic,"[{'link': 'https://www.stepstone.be/jobs--junior-data-analyst-schoten-intelect-mechelen--2172231-inline.html?utm_campaign=google_jobs_apply&utm_source=google_jobs_apply&utm_medium=organic', 'source': 'stepstone'}, {'link': 'https://be.linkedin.com/jobs/view/junior-data-analyst-at-intelect-4305555649?utm_campaign=google_jobs_apply&utm_source=google_jobs_apply&utm_medium=organic', 'source': 'linkedin'}, {'link': 'https://be.bebee.com/job/1fc4351e7c90b4d36f502dbcbfacf8e5?utm_campaign=google_jobs_apply&utm_source=google_jobs_apply&utm_medium=organic', 'source': 'bebee'}, {'link': 'https://www.vdab.be/vindeenjob/vacatures/72058573/junior-data-analyst?utm_campaign=google_jobs_apply&utm_source=google_jobs_apply&utm_medium=organic', 'source': 'vdab'}, {'link': 'https://www.jobijoba.be/annonce/67/febbc143a6c61bea42732b64cce05a6e?utm_campaign=google_jobs_apply&utm_source=google_jobs_apply&utm_medium=organic', 'source': 'www.jobijoba.be'}, {'link': 'https://be.talent.com/view?id=8b81f8aa90bf&utm_campaign=google_jobs_apply&utm_source=google_jobs_apply&utm_medium=organic', 'source': 'talent.com'}, {'link': 'https://jobs.jobg8.com/jobs/junior-data-analyst-in-schoten-antwerpen-belgium/5673-3003799505d1?utm_campaign=google_jobs_apply&utm_source=google_jobs_apply&utm_medium=organic', 'source': 'jobg8'}, {'link': 'https://be.clickajobs.com/gfj/9940925?utm_campaign=google_jobs_apply&utm_source=google_jobs_apply&utm_medium=organic', 'source': 'clickajobs'}]"
Data Engineer,Bebeedata,Mechelen,Full-Time,"€4,150–€5,500 a year",2025-10-04,https://be.bebee.com/job/59e86f45a613594ab820dccb2a6d14f9?utm_campaign=google_jobs_apply&utm_source=google_jobs_apply&utm_medium=organic,"[{'link': 'https://be.bebee.com/job/59e86f45a613594ab820dccb2a6d14f9?utm_campaign=google_jobs_apply&utm_source=google_jobs_apply&utm_medium=organic', 'source': 'bebee'}]"
Internship,Pgbpgnglobal,Mechelen,Full-Time,,2025-10-06,https://www.pgcareers.com/de/en/job/R000137443/Engineering-Internship-Automation-Mechanical-Mechatronic-Data-Science-Chemical?utm_campaign=google_jobs_apply&utm_source=google_jobs_apply&utm_medium=organic,"[{'link': 'https://www.pgcareers.com/de/en/job/r000137443/engineering-internship-automation-mechanical-mechatronic-data-science-chemical?utm_campaign=google_jobs_apply&utm_source=google_jobs_apply&utm_medium=organic', 'source': 'p&g careers'}, {'link': 'https://pg.wd5.myworkdayjobs.com/1000/job/mechelen-plant/ps-eng---intern-co-op---management_r000137443?utm_campaign=google_jobs_apply&utm_source=google_jobs_apply&utm_medium=organic', 'source': 'workday'}, {'link': 'https://be.indeed.com/viewjob?jk=186d54139d40efd3&utm_campaign=google_jobs_apply&utm_source=google_jobs_apply&utm_medium=organic', 'source': 'indeed'}, {'link': 'https://be.linkedin.com/jobs/view/engineering-internship-automation-mechanical-mechatronic-data-science-chemical-at-procter-gamble-4287142299?utm_campaign=google_jobs_apply&utm_source=google_jobs_apply&utm_medium=organic', 'source': 'linkedin'}, {'link': 'https://www.jobmonkeyjobs.com/career/27035617/ps-eng-intern-co-op-management-any-mechelen-7332/?utm_campaign=google_jobs_apply&utm_source=google_jobs_apply&utm_medium=organic', 'source': 'jobmonkeyjobs.com'}, {'link': 'https://www.talentify.io/job/ps-eng-internco-op-management-mechelen-flanders-be-procter-gamble-r000137443?utm_campaign=google_jobs_apply&utm_source=google_jobs_apply&utm_medium=organic', 'source': 'talentify'}]"
Data Scientist,Projective Group,Antwerp,Full-Time,,2025-10-08,https://be.linkedin.com/jobs/view/medior-ai-data-scientist-at-projective-talent-part-of-projective-group-4285867249?utm_campaign=google_jobs_apply&utm_source=google_jobs_apply&utm_medium=organic,"[{'link': 'https://be.linkedin.com/jobs/view/medior-ai-data-scientist-at-projective-talent-part-of-projective-group-4285867249?utm_campaign=google_jobs_apply&utm_source=google_jobs_apply&utm_medium=organic', 'source': 'linkedin'}, {'link': 'https://www.jobijoba.be/annonce/67/047d3cb65fde6f0d435b6ddd215ed85b?utm_campaign=google_jobs_apply&utm_source=google_jobs_apply&utm_medium=organic', 'source': 'www.jobijoba.be'}, {'link': 'https://be.bebee.com/job/c8bffe29f58ad32dffad942cc26126bc?utm_campaign=google_jobs_apply&utm_source=google_jobs_apply&utm_medium=organic', 'source': 'bebee'}]"
